{
  "AAPL": {
    "name": "Apple",
    "raw_name": "Apple Inc.",
    "source": "info.longName",
    "base_ticker": "AAPL"
  },
  "SAP.DE": {
    "name": "Sap",
    "raw_name": "SAP SE",
    "source": "info.longName",
    "base_ticker": "SAP"
  },
  "O": {
    "name": "Realty Income Corporation",
    "raw_name": "Realty Income Corporation",
    "source": "info.longName",
    "base_ticker": "O"
  },
  "WPY.F": {
    "name": "W P Carey",
    "raw_name": "W. P. Carey Inc.",
    "source": "info.longName",
    "base_ticker": "WPY"
  },
  "QDVX.DE": {
    "name": "Ishares Msci Europe Quality Dividend Advanced Ucits Etf Eur (Dist)",
    "raw_name": "iShares MSCI Europe Quality Dividend Advanced UCITS ETF EUR (Dist)",
    "source": "info.longName",
    "base_ticker": "QDVX"
  }
}